{"cameraMode":{"drawMode":0,"name":"Shaded","section":"Shading Mode"},"sceneLighting":false,"audioPlay":false,"sceneViewState":{"m_AlwaysRefresh":false,"showFog":true,"showSkybox":false,"showFlares":true,"showImageEffects":true,"showParticleSystems":true,"showVisualEffectGraphs":true,"m_FxEnabled":true},"in2DMode":false,"pivot":{"x":24.34320068359375,"y":1.5462584495544434,"z":10.319766998291016},"rotation":{"x":0.037302274256944659,"y":-0.709794282913208,"z":0.037358835339546207,"w":0.7025773525238037},"size":1.8302075862884522,"orthographic":true}