{"cameraMode":{"drawMode":0,"name":"Shaded","section":"Shading Mode"},"sceneLighting":false,"audioPlay":false,"sceneViewState":{"m_AlwaysRefresh":false,"showFog":true,"showSkybox":false,"showFlares":true,"showImageEffects":true,"showParticleSystems":true,"showVisualEffectGraphs":true,"m_FxEnabled":true},"in2DMode":false,"pivot":{"x":5.9194536209106449,"y":1.0549771785736085,"z":2.243408679962158},"rotation":{"x":0.05965816602110863,"y":0.932123601436615,"z":-0.18003910779953004,"w":0.30868440866470339},"size":0.9361687302589417,"orthographic":true}